{
  "model": "ridge_optics_n_v1",
  "elements": [
    "H",
    "C",
    "N",
    "O",
    "F",
    "Na",
    "Mg",
    "Al",
    "Si",
    "P",
    "S",
    "Cl",
    "I",
    "other"
  ],
  "feature_count": 15,
  "weights": [
    -0.016109512954750636,
    0.0611205870748486,
    -0.08057055139572865,
    -0.009438447491357973,
    -0.04411261344595559,
    0.029952695759771514,
    0.0,
    -0.0006285559789674891,
    0.0054395136889665305,
    0.0,
    0.0,
    0.016535061926508193,
    0.030150584058822517,
    0.0036388122416683827,
    0.05160446629932784
  ],
  "mean": [
    0.04862833990267553,
    0.27971741157885355,
    0.053947696804839664,
    0.24143641395146828,
    0.1413525081164697,
    0.012968918977733699,
    0.0,
    0.0008317126222890413,
    0.06033236338235971,
    0.0,
    0.0,
    0.04051860864264967,
    0.06047329128070293,
    0.05979273473995829,
    1.694373214285714
  ],
  "std": [
    0.053312976000460456,
    0.3250467989983962,
    0.1945111870230343,
    0.2797350090482006,
    0.2765762409309025,
    0.03960843095762435,
    1.0,
    0.002998782506113752,
    0.14876367612419106,
    1.0,
    1.0,
    0.14609192107153177,
    0.2180395525086438,
    0.14320008876132623,
    0.9810873432276321
  ],
  "bias": 1.4415923571428573,
  "ridge_lambda": 1.0,
  "materials_trained": 14,
  "note": "composition (+density) -> handbook n@589nm, standardised ridge, trained on the full optics panel. Anchor-trained: leave-one-out validated for generalisation; memorises in-panel materials. Deploy via optics.derive.surrogateModelPath (opt-in)."
}
